,carriers,country_code
0,"[{'name': 'AE: Etisalat', 'in_use': True, 'carrier_id': '4240000', 'value': [{'in_use': True, 'hni_id': '42402'}]}, {'name': 'AE: du', 'in_use': True, 'carrier_id': '4240001', 'value': [{'in_use': True, 'hni_id': '42403'}]}]",AE
1,"[{'name': 'AR: Claro', 'in_use': True, 'carrier_id': '7220000', 'value': [{'in_use': True, 'hni_id': '722310'}, {'in_use': True, 'hni_id': '722320'}, {'in_use': True, 'hni_id': '722330'}]}, {'name': 'AR: Movistar', 'in_use': True, 'carrier_id': '7220001', 'value': [{'in_use': True, 'hni_id': '72207'}, {'in_use': True, 'hni_id': '722010'}]}, {'name': 'AR: Personal', 'in_use': True, 'carrier_id': '7220002', 'value': [{'in_use': True, 'hni_id': '72234'}, {'in_use': True, 'hni_id': '722341'}]}]",AR
2,"[{'name': 'AT:Magenta', 'in_use': True, 'carrier_id': '2320000', 'value': [{'in_use': True, 'hni_id': '23203'}, {'in_use': True, 'hni_id': '23204'}, {'in_use': True, 'hni_id': '23213'}]}, {'name': 'AT:A1.net', 'in_use': True, 'carrier_id': '2320001', 'value': [{'in_use': True, 'hni_id': '23201'}]}, {'name': 'AT:3', 'in_use': True, 'carrier_id': '2320002', 'value': [{'in_use': True, 'hni_id': '23205'}, {'in_use': True, 'hni_id': '23210'}]}, {'name': 'AT:tele.ring', 'in_use': True, 'carrier_id': '2320003', 'value': [{'in_use': True, 'hni_id': '23207'}]}, {'name': 'AT:yesss!', 'in_use': False, 'carrier_id': '2320004', 'value': [{'in_use': False, 'hni_id': '23212'}]}]",AT
3,"[{'name': 'AU: Telstra\t', 'in_use': True, 'carrier_id': '5050000', 'value': [{'in_use': True, 'hni_id': '50501'}, {'in_use': True, 'hni_id': '50511'}, {'in_use': True, 'hni_id': '50539'}, {'in_use': True, 'hni_id': '50571'}, {'in_use': True, 'hni_id': '50572'}]}, {'name': 'AU: Optus\t', 'in_use': True, 'carrier_id': '5050001', 'value': [{'in_use': True, 'hni_id': '50502'}, {'in_use': True, 'hni_id': '50536'}, {'in_use': True, 'hni_id': '50590'}]}, {'name': 'AU: Vodafone\t', 'in_use': True, 'carrier_id': '5050002', 'value': [{'in_use': True, 'hni_id': '50503'}, {'in_use': True, 'hni_id': '50507'}]}, {'name': 'AU: Lycamobile', 'in_use': False, 'carrier_id': '5050003', 'value': [{'in_use': False, 'hni_id': '50519'}]}]",AU
4,"[{'name': 'BE:Proximus', 'in_use': True, 'carrier_id': '2060000', 'value': [{'in_use': True, 'hni_id': '20601'}]}, {'name': 'BE:Orange Belgium', 'in_use': True, 'carrier_id': '2060001', 'value': [{'in_use': True, 'hni_id': '20610'}]}, {'name': 'BE:Base', 'in_use': True, 'carrier_id': '2060002', 'value': [{'in_use': True, 'hni_id': '20620'}]}, {'name': 'BE:Telenet', 'in_use': True, 'carrier_id': '2060003', 'value': [{'in_use': True, 'hni_id': '20605'}]}, {'name': 'BE:Lycamobile', 'in_use': False, 'carrier_id': '2060004', 'value': [{'in_use': False, 'hni_id': '20606'}]}, {'name': 'BE:Mobile Vikings', 'in_use': False, 'carrier_id': '2060005', 'value': [{'in_use': False, 'hni_id': '20630'}]}]",BE
5,"[{'name': 'BG: Globul', 'in_use': True, 'carrier_id': '2840000', 'value': [{'in_use': True, 'hni_id': '28405'}]}, {'name': 'BG: BTC Mobile', 'in_use': True, 'carrier_id': '2840001', 'value': [{'in_use': True, 'hni_id': '28403'}]}, {'name': 'BG: M-Tel GSM BG', 'in_use': True, 'carrier_id': '2840002', 'value': [{'in_use': True, 'hni_id': '28401'}]}]",BG
6,"[{'name': 'BH: STC', 'in_use': True, 'carrier_id': '4260000', 'value': [{'in_use': True, 'hni_id': '42604'}]}, {'name': 'BH: zain BH', 'in_use': True, 'carrier_id': '4260001', 'value': [{'in_use': True, 'hni_id': '42602'}]}, {'name': 'BH: Batelco', 'in_use': True, 'carrier_id': '4260002', 'value': [{'in_use': True, 'hni_id': '42601'}]}]",BH
7,"[{'name': 'BR: Claro', 'in_use': True, 'carrier_id': '7240000', 'value': [{'in_use': True, 'hni_id': '72405'}, {'in_use': True, 'hni_id': '72438'}]}, {'name': 'BR: Oi', 'in_use': True, 'carrier_id': '7240001', 'value': [{'in_use': True, 'hni_id': '72430'}, {'in_use': True, 'hni_id': '72431'}]}, {'name': 'BR: TIM', 'in_use': True, 'carrier_id': '7240002', 'value': [{'in_use': True, 'hni_id': '72402'}, {'in_use': True, 'hni_id': '72403'}, {'in_use': True, 'hni_id': '72404'}]}, {'name': 'BR: Vivo', 'in_use': True, 'carrier_id': '7240003', 'value': [{'in_use': True, 'hni_id': '72406'}, {'in_use': True, 'hni_id': '72410'}, {'in_use': True, 'hni_id': '72411'}, {'in_use': True, 'hni_id': '72423'}]}]",BR
8,"[{'name': 'BY: MTS', 'in_use': True, 'carrier_id': '2570000', 'value': [{'in_use': True, 'hni_id': '25702'}]}, {'name': 'BY: A1', 'in_use': True, 'carrier_id': '2570001', 'value': [{'in_use': True, 'hni_id': '25701'}]}, {'name': 'BY: life:)', 'in_use': True, 'carrier_id': '2570002', 'value': [{'in_use': True, 'hni_id': '25704'}]}]",BY
9,"[{'name': 'CA: Bell Mobility', 'in_use': True, 'carrier_id': '3020000', 'value': [{'in_use': True, 'hni_id': '302610'}, {'in_use': True, 'hni_id': '302690'}]}, {'name': 'CA: Telus Mobility', 'in_use': True, 'carrier_id': '3020001', 'value': [{'in_use': True, 'hni_id': '302220'}, {'in_use': True, 'hni_id': '302221'}, {'in_use': True, 'hni_id': '302222'}, {'in_use': True, 'hni_id': '302860'}]}, {'name': 'CA: Rogers Wireless', 'in_use': True, 'carrier_id': '3020002', 'value': [{'in_use': True, 'hni_id': '302720'}, {'in_use': True, 'hni_id': '302320'}, {'in_use': True, 'hni_id': '302721'}, {'in_use': True, 'hni_id': '302820'}]}]",CA
10,"[{'name': 'CH:Swisscom', 'in_use': True, 'carrier_id': '2280000', 'value': [{'in_use': True, 'hni_id': '22801'}]}, {'name': 'CH:Sunrise', 'in_use': True, 'carrier_id': '2280001', 'value': [{'in_use': True, 'hni_id': '22802'}]}, {'name': 'CH:Salt', 'in_use': True, 'carrier_id': '2280002', 'value': [{'in_use': True, 'hni_id': '22803'}]}]",CH
11,"[{'name': 'CL: Entel', 'in_use': True, 'carrier_id': '7300000', 'value': [{'in_use': True, 'hni_id': '73001'}, {'in_use': True, 'hni_id': '73010'}]}, {'name': 'CL: WOM', 'in_use': True, 'carrier_id': '7300001', 'value': [{'in_use': True, 'hni_id': '73009'}, {'in_use': True, 'hni_id': '73004'}]}, {'name': 'CL: Movistar', 'in_use': True, 'carrier_id': '7300002', 'value': [{'in_use': True, 'hni_id': '73002'}, {'in_use': True, 'hni_id': '73007'}]}, {'name': 'CL: CLARO CL', 'in_use': True, 'carrier_id': '7300003', 'value': [{'in_use': True, 'hni_id': '73003'}]}]",CL
12,"[{'name': 'CO: Claro', 'in_use': True, 'carrier_id': '7320000', 'value': [{'in_use': True, 'hni_id': '732101'}]}, {'name': 'CO: Movistar', 'in_use': True, 'carrier_id': '7320001', 'value': [{'in_use': True, 'hni_id': '732123'}, {'in_use': True, 'hni_id': '732001'}]}, {'name': 'CO: Tigo', 'in_use': True, 'carrier_id': '7320002', 'value': [{'in_use': True, 'hni_id': '732103'}, {'in_use': True, 'hni_id': '732111'}, {'in_use': True, 'hni_id': '732020'}]}, {'name': 'CO: Avantel', 'in_use': False, 'carrier_id': '7320003', 'value': [{'in_use': False, 'hni_id': '732130'}]}]",CO
13,"[{'name': 'CZ: T-Mobile', 'in_use': True, 'carrier_id': '2300000', 'value': [{'in_use': False, 'hni_id': '23301'}, {'in_use': True, 'hni_id': '23001'}]}, {'name': 'CZ: Vodafone', 'in_use': True, 'carrier_id': '2300001', 'value': [{'in_use': False, 'hni_id': '23303'}, {'in_use': True, 'hni_id': '23003'}]}, {'name': 'CZ: O2', 'in_use': True, 'carrier_id': '2300002', 'value': [{'in_use': False, 'hni_id': '23302'}, {'in_use': True, 'hni_id': '23002'}]}]",CZ
14,"[{'name': 'DE: O2', 'in_use': True, 'carrier_id': '2620000', 'value': [{'in_use': True, 'hni_id': '26203'}, {'in_use': True, 'hni_id': '26205'}, {'in_use': True, 'hni_id': '26207'}, {'in_use': True, 'hni_id': '26208'}, {'in_use': True, 'hni_id': '26211'}, {'in_use': True, 'hni_id': '26217'}, {'in_use': True, 'hni_id': '26277'}]}, {'name': 'DE: Telekom', 'in_use': True, 'carrier_id': '2620001', 'value': [{'in_use': True, 'hni_id': '26201'}, {'in_use': True, 'hni_id': '26206'}, {'in_use': True, 'hni_id': '26278'}]}, {'name': 'DE: Vodafone', 'in_use': True, 'carrier_id': '2620002', 'value': [{'in_use': True, 'hni_id': '26202'}, {'in_use': True, 'hni_id': '26204'}, {'in_use': True, 'hni_id': '26209'}]}]",DE
15,"[{'name': 'DK:TDC', 'in_use': True, 'carrier_id': '2380000', 'value': [{'in_use': True, 'hni_id': '23801'}]}, {'name': 'DK:Telenor', 'in_use': True, 'carrier_id': '2380001', 'value': [{'in_use': True, 'hni_id': '23802'}, {'in_use': True, 'hni_id': '23877'}]}, {'name': 'DK:3', 'in_use': True, 'carrier_id': '2380002', 'value': [{'in_use': True, 'hni_id': '23806'}]}, {'name': 'DK:Telia', 'in_use': True, 'carrier_id': '2380003', 'value': [{'in_use': True, 'hni_id': '23820'}, {'in_use': True, 'hni_id': '23896'}]}]",DK
16,"[{'name': 'EC: Claro/Porta', 'in_use': True, 'carrier_id': '7400000', 'value': [{'in_use': True, 'hni_id': '74001'}]}, {'name': 'EC: CNT Mobile', 'in_use': True, 'carrier_id': '7400001', 'value': [{'in_use': True, 'hni_id': '74002'}]}, {'name': 'EC: MOVISTAR/OteCel', 'in_use': True, 'carrier_id': '7400002', 'value': [{'in_use': True, 'hni_id': '74000'}]}]",EC
17,"[{'name': 'EG: Orange', 'in_use': True, 'carrier_id': '6020000', 'value': [{'in_use': True, 'hni_id': '60201'}]}, {'name': 'EG: Vodafone', 'in_use': True, 'carrier_id': '6020001', 'value': [{'in_use': True, 'hni_id': '60202'}]}, {'name': 'EG: Etisalat', 'in_use': True, 'carrier_id': '6020002', 'value': [{'in_use': True, 'hni_id': '60203'}]}]",EG
18,"[{'name': 'ES: Movistar', 'in_use': True, 'carrier_id': '2140000', 'value': [{'in_use': True, 'hni_id': '21405'}, {'in_use': True, 'hni_id': '21407'}]}, {'name': 'ES: Orange', 'in_use': True, 'carrier_id': '2140001', 'value': [{'in_use': True, 'hni_id': '21403'}, {'in_use': True, 'hni_id': '21409'}]}, {'name': 'ES: Vodafone', 'in_use': True, 'carrier_id': '2140002', 'value': [{'in_use': True, 'hni_id': '21401'}, {'in_use': True, 'hni_id': '21406'}]}, {'name': 'ES: Yoigo', 'in_use': True, 'carrier_id': '2140003', 'value': [{'in_use': True, 'hni_id': '21404'}]}]",ES
19,"[{'name': 'FI:Elisa', 'in_use': True, 'carrier_id': '2440000', 'value': [{'in_use': True, 'hni_id': '24405'}, {'in_use': True, 'hni_id': '24421'}]}, {'name': 'FI:DNA', 'in_use': True, 'carrier_id': '2440001', 'value': [{'in_use': True, 'hni_id': '24412'}, {'in_use': True, 'hni_id': '24403'}, {'in_use': True, 'hni_id': '24404'}]}, {'name': 'FI:Telia', 'in_use': True, 'carrier_id': '2440002', 'value': [{'in_use': True, 'hni_id': '24491'}]}]",FI
20,"[{'name': 'FR: Bouygues', 'in_use': True, 'carrier_id': '2080000', 'value': [{'in_use': True, 'hni_id': '20820'}, {'in_use': True, 'hni_id': '20888'}, {'in_use': True, 'hni_id': '20821'}]}, {'name': 'FR: Free Mobile', 'in_use': True, 'carrier_id': '2080001', 'value': [{'in_use': True, 'hni_id': '20815'}, {'in_use': True, 'hni_id': '20816'}]}, {'name': 'FR: Orange', 'in_use': True, 'carrier_id': '2080002', 'value': [{'in_use': True, 'hni_id': '20801'}, {'in_use': True, 'hni_id': '20802'}, {'in_use': True, 'hni_id': '20832'}]}, {'name': 'FR: SFR', 'in_use': True, 'carrier_id': '2080003', 'value': [{'in_use': True, 'hni_id': '20808'}, {'in_use': True, 'hni_id': '20809'}, {'in_use': True, 'hni_id': '20810'}, {'in_use': True, 'hni_id': '20811'}, {'in_use': True, 'hni_id': '20813'}]}]",FR
21,"[{'name': 'GB: 3', 'in_use': True, 'carrier_id': '2340000', 'value': [{'in_use': True, 'hni_id': '23420'}]}, {'name': 'GB: O2 (UK)', 'in_use': True, 'carrier_id': '2340001', 'value': [{'in_use': True, 'hni_id': '23402'}, {'in_use': True, 'hni_id': '23410'}, {'in_use': True, 'hni_id': '23411'}]}, {'name': 'GB: Orange (unavailable)', 'in_use': False, 'carrier_id': '2340002', 'value': [{'in_use': False, 'hni_id': '23433'}, {'in_use': False, 'hni_id': '23434'}]}, {'name': 'GB: T-Mobile UK (unavailable)', 'in_use': True, 'carrier_id': '2340003', 'value': []}, {'name': 'GB: Virgin Mobile', 'in_use': False, 'carrier_id': '2340004', 'value': [{'in_use': True, 'hni_id': '23438'}]}, {'name': 'GB: Vodafone UK', 'in_use': True, 'carrier_id': '2340005', 'value': [{'in_use': True, 'hni_id': '23407'}, {'in_use': True, 'hni_id': '23415'}, {'in_use': True, 'hni_id': '23591'}, {'in_use': True, 'hni_id': '23592'}]}, {'name': 'GB: EE', 'in_use': True, 'carrier_id': '2340006', 'value': [{'in_use': True, 'hni_id': '23430'}, {'in_use': True, 'hni_id': '23431'}, {'in_use': True, 'hni_id': '23432'}, {'in_use': True, 'hni_id': '23433'}, {'in_use': True, 'hni_id': '23434'}, {'in_use': True, 'hni_id': '23486'}, {'in_use': True, 'hni_id': '23501'}, {'in_use': True, 'hni_id': '23502'}]}, {'name': 'GB: Sky', 'in_use': True, 'carrier_id': '2340007', 'value': [{'in_use': True, 'hni_id': '23457'}]}, {'name': 'GB: iD Mobile', 'in_use': True, 'carrier_id': '2340008', 'value': [{'in_use': True, 'hni_id': '23454'}]}, {'name': 'GB: Lebara', 'in_use': True, 'carrier_id': '2340009', 'value': [{'in_use': True, 'hni_id': '23487'}]}, {'name': 'GB: spusu', 'in_use': True, 'carrier_id': '2340010', 'value': [{'in_use': True, 'hni_id': '23440'}]}, {'name': 'GB: Lycamobile UK', 'in_use': True, 'carrier_id': '2340011', 'value': [{'in_use': True, 'hni_id': '23426'}]}, {'name': 'GB: BT Mobile', 'in_use': True, 'carrier_id': '2340012', 'value': [{'in_use': True, 'hni_id': '23400'}, {'in_use': True, 'hni_id': '23476'}, {'in_use': True, 'hni_id': '23577'}, {'in_use': True, 'hni_id': '23408'}]}, {'name': 'GB: TalkTalk', 'in_use': True, 'carrier_id': '2340013', 'value': [{'in_use': True, 'hni_id': '23416'}]}]",GB
22,"[{'name': 'GR: Cosmote', 'in_use': True, 'carrier_id': '2020000', 'value': [{'in_use': True, 'hni_id': '20201'}, {'in_use': True, 'hni_id': '20202'}]}, {'name': 'GR: Vodafone', 'in_use': True, 'carrier_id': '2020001', 'value': [{'in_use': True, 'hni_id': '20205'}]}, {'name': 'GR: Wind', 'in_use': True, 'carrier_id': '2020002', 'value': [{'in_use': True, 'hni_id': '20210'}, {'in_use': True, 'hni_id': '20209'}]}]",GR
23,"[{'name': 'HU: Telekom', 'in_use': True, 'carrier_id': '2160000', 'value': [{'in_use': True, 'hni_id': '21630'}]}, {'name': 'HU: Vodafone', 'in_use': True, 'carrier_id': '2160001', 'value': [{'in_use': True, 'hni_id': '21670'}]}, {'name': 'HU: Telenor Hungary', 'in_use': True, 'carrier_id': '2160002', 'value': [{'in_use': True, 'hni_id': '21601'}]}, {'name': 'HU: DIGI', 'in_use': False, 'carrier_id': '2160003', 'value': [{'in_use': False, 'hni_id': '21603'}]}]",HU
24,"[{'name': 'ID: 3', 'in_use': True, 'carrier_id': '5100000', 'value': [{'in_use': True, 'hni_id': '51089'}]}, {'name': 'ID: Indosat Ooredoo', 'in_use': True, 'carrier_id': '5100001', 'value': [{'in_use': True, 'hni_id': '51001'}]}, {'name': 'ID: Smartfren', 'in_use': False, 'carrier_id': '5100002', 'value': [{'in_use': False, 'hni_id': '51009'}]}, {'name': 'ID: Telkomsel', 'in_use': True, 'carrier_id': '5100003', 'value': [{'in_use': True, 'hni_id': '51010'}]}, {'name': 'ID: XL', 'in_use': True, 'carrier_id': '5100004', 'value': [{'in_use': True, 'hni_id': '51011'}]}]",ID
25,"[{'name': 'IE:3', 'in_use': True, 'carrier_id': '2720000', 'value': [{'in_use': True, 'hni_id': '27205'}, {'in_use': True, 'hni_id': '27202'}, {'in_use': True, 'hni_id': '27217'}]}, {'name': 'IE:Vodafone', 'in_use': True, 'carrier_id': '2720001', 'value': [{'in_use': True, 'hni_id': '27201'}]}, {'name': 'IE:Eir', 'in_use': True, 'carrier_id': '2720002', 'value': [{'in_use': True, 'hni_id': '27203'}, {'in_use': True, 'hni_id': '27207'}, {'in_use': True, 'hni_id': '27208'}]}, {'name': 'IE:Tesco Mobile', 'in_use': True, 'carrier_id': '2720003', 'value': [{'in_use': True, 'hni_id': '27211'}]}, {'name': 'IE: Lycamobile Ireland', 'in_use': True, 'carrier_id': '2720004', 'value': [{'in_use': True, 'hni_id': '27213'}]}, {'name': 'IE: Virgin Mobile Ireland', 'in_use': True, 'carrier_id': '2720005', 'value': [{'in_use': True, 'hni_id': '27215'}]}]",IE
26,"[{'name': 'IL: Pelephone', 'in_use': True, 'carrier_id': '4250000', 'value': [{'in_use': True, 'hni_id': '42503'}]}, {'name': 'IL: Partner', 'in_use': True, 'carrier_id': '4250001', 'value': [{'in_use': True, 'hni_id': '42501'}, {'in_use': True, 'hni_id': '42510'}]}, {'name': 'IL: Cellcom', 'in_use': True, 'carrier_id': '4250002', 'value': [{'in_use': True, 'hni_id': '42502'}]}, {'name': 'IL: Hot Mobile', 'in_use': True, 'carrier_id': '4250003', 'value': [{'in_use': True, 'hni_id': '42507'}]}, {'name': 'IL: Golan Telecom', 'in_use': False, 'carrier_id': '4250004', 'value': [{'in_use': False, 'hni_id': '42508'}]}]",IL
27,"[{'name': 'IN: AirTel', 'in_use': True, 'carrier_id': '4040000', 'value': [{'in_use': True, 'hni_id': '40402'}, {'in_use': True, 'hni_id': '40403'}, {'in_use': True, 'hni_id': '40410'}, {'in_use': True, 'hni_id': '40431'}, {'in_use': True, 'hni_id': '40440'}, {'in_use': True, 'hni_id': '40470'}, {'in_use': True, 'hni_id': '40490'}, {'in_use': True, 'hni_id': '40492'}, {'in_use': True, 'hni_id': '40493'}, {'in_use': True, 'hni_id': '40494'}, {'in_use': True, 'hni_id': '40495'}, {'in_use': True, 'hni_id': '40496'}, {'in_use': True, 'hni_id': '40497'}, {'in_use': True, 'hni_id': '40498'}, {'in_use': True, 'hni_id': '40551'}, {'in_use': True, 'hni_id': '40552'}, {'in_use': True, 'hni_id': '40553'}, {'in_use': True, 'hni_id': '40554'}, {'in_use': True, 'hni_id': '40556'}, {'in_use': True, 'hni_id': '40416'}, {'in_use': True, 'hni_id': '40445'}, {'in_use': True, 'hni_id': '40449'}, {'in_use': True, 'hni_id': '40555'}]}, {'name': 'IN: cellone', 'in_use': True, 'carrier_id': '4040001', 'value': [{'in_use': True, 'hni_id': '40434'}, {'in_use': True, 'hni_id': '40438'}, {'in_use': True, 'hni_id': '40451'}, {'in_use': True, 'hni_id': '40453'}, {'in_use': True, 'hni_id': '40454'}, {'in_use': True, 'hni_id': '40455'}, {'in_use': True, 'hni_id': '40457'}, {'in_use': True, 'hni_id': '40458'}, {'in_use': True, 'hni_id': '40459'}, {'in_use': True, 'hni_id': '40462'}, {'in_use': True, 'hni_id': '40464'}, {'in_use': True, 'hni_id': '40466'}, {'in_use': True, 'hni_id': '40471'}, {'in_use': True, 'hni_id': '40472'}, {'in_use': True, 'hni_id': '40473'}, {'in_use': True, 'hni_id': '40474'}, {'in_use': True, 'hni_id': '40475'}, {'in_use': True, 'hni_id': '40476'}, {'in_use': True, 'hni_id': '40477'}, {'in_use': True, 'hni_id': '40479'}, {'in_use': True, 'hni_id': '40480'}, {'in_use': True, 'hni_id': '40481'}]}, {'name': 'IN: IDEA', 'in_use': True, 'carrier_id': '4040002', 'value': [{'in_use': True, 'hni_id': '40404'}, {'in_use': True, 'hni_id': '40407'}, {'in_use': True, 'hni_id': '40412'}, {'in_use': True, 'hni_id': '40414'}, {'in_use': True, 'hni_id': '40419'}, {'in_use': True, 'hni_id': '40422'}, {'in_use': True, 'hni_id': '40424'}, {'in_use': True, 'hni_id': '40444'}, {'in_use': True, 'hni_id': '40456'}, {'in_use': True, 'hni_id': '40478'}, {'in_use': True, 'hni_id': '40482'}, {'in_use': True, 'hni_id': '40487'}, {'in_use': True, 'hni_id': '40489'}, {'in_use': True, 'hni_id': '40570'}, {'in_use': True, 'hni_id': '405799'}, {'in_use': True, 'hni_id': '405845'}, {'in_use': True, 'hni_id': '405846'}, {'in_use': True, 'hni_id': '405847'}, {'in_use': True, 'hni_id': '405848'}, {'in_use': True, 'hni_id': '405849'}, {'in_use': True, 'hni_id': '405850'}, {'in_use': True, 'hni_id': '405851'}, {'in_use': True, 'hni_id': '405852'}, {'in_use': True, 'hni_id': '405853'}, {'in_use': True, 'hni_id': '405908'}, {'in_use': True, 'hni_id': '405909'}, {'in_use': True, 'hni_id': '405910'}, {'in_use': True, 'hni_id': '405911'}]}, {'name': 'IN: Jio', 'in_use': True, 'carrier_id': '4050003', 'value': [{'in_use': True, 'hni_id': '405840'}, {'in_use': True, 'hni_id': '405854'}, {'in_use': True, 'hni_id': '405855'}, {'in_use': True, 'hni_id': '405856'}, {'in_use': True, 'hni_id': '405857'}, {'in_use': True, 'hni_id': '405858'}, {'in_use': True, 'hni_id': '405859'}, {'in_use': True, 'hni_id': '405860'}, {'in_use': True, 'hni_id': '405861'}, {'in_use': True, 'hni_id': '405862'}, {'in_use': True, 'hni_id': '405863'}, {'in_use': True, 'hni_id': '405864'}, {'in_use': True, 'hni_id': '405865'}, {'in_use': True, 'hni_id': '405866'}, {'in_use': True, 'hni_id': '405867'}, {'in_use': True, 'hni_id': '405868'}, {'in_use': True, 'hni_id': '405869'}, {'in_use': True, 'hni_id': '405870'}, {'in_use': True, 'hni_id': '405871'}, {'in_use': True, 'hni_id': '405872'}, {'in_use': True, 'hni_id': '405873'}, {'in_use': True, 'hni_id': '405874'}]}, {'name': 'IN: Vodafone India', 'in_use': True, 'carrier_id': '4040004', 'value': [{'in_use': True, 'hni_id': '40401'}, {'in_use': True, 'hni_id': '40405'}, {'in_use': True, 'hni_id': '40411'}, {'in_use': True, 'hni_id': '40413'}, {'in_use': True, 'hni_id': '40415'}, {'in_use': True, 'hni_id': '40420'}, {'in_use': True, 'hni_id': '40427'}, {'in_use': True, 'hni_id': '40430'}, {'in_use': True, 'hni_id': '40443'}, {'in_use': True, 'hni_id': '40446'}, {'in_use': True, 'hni_id': '40460'}, {'in_use': True, 'hni_id': '40484'}, {'in_use': True, 'hni_id': '40486'}, {'in_use': True, 'hni_id': '40488'}, {'in_use': True, 'hni_id': '40566'}, {'in_use': True, 'hni_id': '40567'}, {'in_use': True, 'hni_id': '405750'}, {'in_use': True, 'hni_id': '405751'}, {'in_use': True, 'hni_id': '405752'}, {'in_use': True, 'hni_id': '405753'}, {'in_use': True, 'hni_id': '405754'}, {'in_use': True, 'hni_id': '405755'}, {'in_use': True, 'hni_id': '405756'}]}]",IN
28,"[{'name': 'IQ: Asia Cell', 'in_use': True, 'carrier_id': '4180000', 'value': [{'in_use': True, 'hni_id': '41805'}, {'in_use': True, 'hni_id': '41800'}]}, {'name': 'IQ: Zain', 'in_use': True, 'carrier_id': '4180001', 'value': [{'in_use': True, 'hni_id': '41820'}, {'in_use': True, 'hni_id': '41830'}]}, {'name': 'IQ: Korek', 'in_use': True, 'carrier_id': '4180002', 'value': [{'in_use': True, 'hni_id': '41840'}]}]",IQ
29,"[{'name': 'IT: 3 Italia', 'in_use': False, 'carrier_id': '2220000', 'value': [{'in_use': False, 'hni_id': '22237'}, {'in_use': False, 'hni_id': '22299'}]}, {'name': 'IT: Iliad', 'in_use': True, 'carrier_id': '2220001', 'value': [{'in_use': True, 'hni_id': '22250'}]}, {'name': 'IT: TIM', 'in_use': True, 'carrier_id': '2220002', 'value': [{'in_use': True, 'hni_id': '22201'}, {'in_use': True, 'hni_id': '22243'}, {'in_use': True, 'hni_id': '22248'}]}, {'name': 'IT: Vodafone', 'in_use': True, 'carrier_id': '2220003', 'value': [{'in_use': True, 'hni_id': '22206'}, {'in_use': True, 'hni_id': '22210'}]}, {'name': 'IT: Wind', 'in_use': False, 'carrier_id': '2220004', 'value': [{'in_use': False, 'hni_id': '22288'}]}, {'name': 'IT: WINDTRE', 'in_use': True, 'carrier_id': '2220005', 'value': [{'in_use': True, 'hni_id': '22288'}, {'in_use': True, 'hni_id': '22237'}, {'in_use': True, 'hni_id': '22299'}]}]",IT
30,"[{'name': 'JO: zain JO', 'in_use': True, 'carrier_id': '4160000', 'value': [{'in_use': True, 'hni_id': '41601'}]}, {'name': 'JO: Orange', 'in_use': True, 'carrier_id': '4160001', 'value': [{'in_use': True, 'hni_id': '41677'}]}, {'name': 'JO: Umniah', 'in_use': True, 'carrier_id': '4160002', 'value': [{'in_use': True, 'hni_id': '41603'}]}]",JO
31,"[{'name': 'JP: au', 'in_use': True, 'carrier_id': '4400000', 'value': [{'in_use': True, 'hni_id': '44050'}, {'in_use': True, 'hni_id': '44051'}, {'in_use': True, 'hni_id': '44052'}, {'in_use': True, 'hni_id': '44053'}, {'in_use': True, 'hni_id': '44054'}, {'in_use': True, 'hni_id': '44070'}, {'in_use': True, 'hni_id': '44071'}, {'in_use': True, 'hni_id': '44072'}, {'in_use': True, 'hni_id': '44073'}, {'in_use': True, 'hni_id': '44074'}, {'in_use': True, 'hni_id': '44075'}, {'in_use': True, 'hni_id': '44076'}, {'in_use': True, 'hni_id': '44078'}]}, {'name': 'JP: NTT docomo', 'in_use': True, 'carrier_id': '4400001', 'value': [{'in_use': True, 'hni_id': '44010'}]}, {'name': 'JP: SoftBank', 'in_use': True, 'carrier_id': '4400002', 'value': [{'in_use': True, 'hni_id': '44020'}, {'in_use': True, 'hni_id': '44021'}, {'in_use': True, 'hni_id': '44101'}]}, {'name': 'JP: Rakuten Mobile', 'in_use': True, 'carrier_id': '4400003', 'value': [{'in_use': True, 'hni_id': '44011'}]}]",JP
32,"[{'name': 'KH: Smart', 'in_use': True, 'carrier_id': '4560000', 'value': [{'in_use': True, 'hni_id': '45606'}, {'in_use': True, 'hni_id': '45602'}, {'in_use': True, 'hni_id': '45605'}]}, {'name': 'KH: Metfone', 'in_use': True, 'carrier_id': '4560001', 'value': [{'in_use': True, 'hni_id': '45608'}, {'in_use': True, 'hni_id': '45609'}]}, {'name': 'KH: Cellcard', 'in_use': True, 'carrier_id': '4560002', 'value': [{'in_use': True, 'hni_id': '45601'}, {'in_use': True, 'hni_id': '45618'}]}]",KH
33,"[{'name': 'KR: KT', 'in_use': False, 'carrier_id': '4500000', 'value': [{'in_use': False, 'hni_id': '45002'}, {'in_use': False, 'hni_id': '45004'}, {'in_use': False, 'hni_id': '45007'}]}, {'name': 'KR: LG U+', 'in_use': True, 'carrier_id': '4500001', 'value': [{'in_use': True, 'hni_id': '45006'}]}, {'name': 'KR: SKTelecom', 'in_use': True, 'carrier_id': '4500002', 'value': [{'in_use': True, 'hni_id': '45005'}, {'in_use': True, 'hni_id': '45012'}]}, {'name': 'KR: Olleh', 'in_use': True, 'carrier_id': '4500003', 'value': [{'in_use': True, 'hni_id': '45008'}]}]",KR
34,"[{'name': 'KW: K.S.C Ooredoo', 'in_use': True, 'carrier_id': '4190000', 'value': [{'in_use': True, 'hni_id': '41903'}]}, {'name': 'KW:STC', 'in_use': True, 'carrier_id': '4190001', 'value': [{'in_use': True, 'hni_id': '41904'}]}, {'name': 'KW:zain KW', 'in_use': True, 'carrier_id': '4190002', 'value': [{'in_use': True, 'hni_id': '41902'}]}]",KW
35,"[{'name': 'KZ: Tele2.kz', 'in_use': True, 'carrier_id': '4010000', 'value': [{'in_use': True, 'hni_id': '40177'}]}, {'name': 'KZ: Beeline', 'in_use': True, 'carrier_id': '4010001', 'value': [{'in_use': True, 'hni_id': '40101'}]}, {'name': 'KZ: Kcell', 'in_use': True, 'carrier_id': '4010002', 'value': [{'in_use': True, 'hni_id': '40102'}]}]",KZ
36,"[{'name': 'LB: Alfa', 'in_use': True, 'carrier_id': '4150000', 'value': [{'in_use': True, 'hni_id': '41501'}]}, {'name': 'LB: Touch', 'in_use': True, 'carrier_id': '4150001', 'value': [{'in_use': True, 'hni_id': '41503'}]}]",LB
37,"[{'name': 'LK: Dialog', 'in_use': True, 'carrier_id': '4130000', 'value': [{'in_use': True, 'hni_id': '41311'}]}]",LK
38,"[{'name': 'LT: Omnitel', 'in_use': True, 'carrier_id': '2460000', 'value': [{'in_use': True, 'hni_id': '24601'}]}, {'name': 'LT: Bite GSM', 'in_use': True, 'carrier_id': '2460001', 'value': [{'in_use': True, 'hni_id': '24602'}]}, {'name': 'LT: Tele2', 'in_use': True, 'carrier_id': '2460002', 'value': [{'in_use': True, 'hni_id': '24603'}]}]",LT
39,"[{'name': 'MA: IAM', 'in_use': True, 'carrier_id': '6040000', 'value': [{'in_use': True, 'hni_id': '60401'}, {'in_use': True, 'hni_id': '60406'}]}, {'name': 'MA: INWI', 'in_use': True, 'carrier_id': '6040001', 'value': [{'in_use': True, 'hni_id': '60402'}, {'in_use': True, 'hni_id': '60405'}]}, {'name': 'MA: Orange Morocco', 'in_use': True, 'carrier_id': '6040002', 'value': [{'in_use': True, 'hni_id': '60400'}]}]",MA
40,"[{'name': 'MM: MPT', 'in_use': True, 'carrier_id': '4140000', 'value': [{'in_use': True, 'hni_id': '41400'}, {'in_use': True, 'hni_id': '41402'}, {'in_use': True, 'hni_id': '41404'}]}, {'name': 'MM: Ooredoo', 'in_use': True, 'carrier_id': '4140001', 'value': [{'in_use': True, 'hni_id': '41405'}]}]",MM
41,"[{'name': 'MO: CTM', 'in_use': True, 'carrier_id': '4550000', 'value': [{'in_use': True, 'hni_id': '45504'}]}, {'name': 'MO: 3', 'in_use': True, 'carrier_id': '4550001', 'value': [{'in_use': True, 'hni_id': '45505'}]}]",MO
42,"[{'name': 'MX: Telcel', 'in_use': True, 'carrier_id': '3340000', 'value': [{'in_use': True, 'hni_id': '334020'}]}, {'name': 'MX: AT&T', 'in_use': True, 'carrier_id': '3340001', 'value': [{'in_use': True, 'hni_id': '334050'}]}, {'name': 'MX: Movistar', 'in_use': True, 'carrier_id': '3340002', 'value': [{'in_use': True, 'hni_id': '33403'}]}]",MX
43,"[{'name': 'MY: DiGi', 'in_use': True, 'carrier_id': '5020000', 'value': [{'in_use': True, 'hni_id': '50216'}]}, {'name': 'MY: Maxis', 'in_use': True, 'carrier_id': '5020001', 'value': [{'in_use': True, 'hni_id': '50212'}, {'in_use': True, 'hni_id': '50217'}]}, {'name': 'MY: U Mobile', 'in_use': True, 'carrier_id': '5020002', 'value': [{'in_use': True, 'hni_id': '50218'}]}, {'name': 'MY: Celcom', 'in_use': True, 'carrier_id': '5020003', 'value': [{'in_use': True, 'hni_id': '50213'}, {'in_use': True, 'hni_id': '50219'}]}]",MY
44,"[{'name': 'NL: KPN', 'in_use': True, 'carrier_id': '2040000', 'value': [{'in_use': True, 'hni_id': '20408'}, {'in_use': True, 'hni_id': '20410'}]}, {'name': 'NL:T-Mobile', 'in_use': True, 'carrier_id': '2040001', 'value': [{'in_use': True, 'hni_id': '20416'}, {'in_use': True, 'hni_id': '20420'}]}, {'name': 'NL:Vodafone', 'in_use': True, 'carrier_id': '2040002', 'value': [{'in_use': True, 'hni_id': '20404'}]}, {'name': 'NL:Tele2', 'in_use': False, 'carrier_id': '2040003', 'value': [{'in_use': False, 'hni_id': '20402'}]}, {'name': 'NL:Lycamobile', 'in_use': False, 'carrier_id': '2040004', 'value': [{'in_use': False, 'hni_id': '20409'}]}, {'name': 'NL:Telfort', 'in_use': False, 'carrier_id': '2040005', 'value': [{'in_use': False, 'hni_id': '20412'}]}]",NL
45,"[{'name': 'NO:Telenor', 'in_use': True, 'carrier_id': '2420000', 'value': [{'in_use': True, 'hni_id': '24201'}, {'in_use': True, 'hni_id': '24212'}]}, {'name': 'NO:Telia', 'in_use': True, 'carrier_id': '2420001', 'value': [{'in_use': True, 'hni_id': '24202'}, {'in_use': True, 'hni_id': '24205'}, {'in_use': True, 'hni_id': '24208'}]}, {'name': 'NO:ice', 'in_use': True, 'carrier_id': '2420002', 'value': [{'in_use': True, 'hni_id': '24214'}, {'in_use': True, 'hni_id': '24206'}]}]",NO
46,"[{'name': 'NZ: Spark', 'in_use': True, 'carrier_id': '5330000', 'value': [{'in_use': True, 'hni_id': '53305'}]}, {'name': 'NZ: Vodafone', 'in_use': True, 'carrier_id': '5300001', 'value': [{'in_use': True, 'hni_id': '53001'}]}, {'name': 'NZ: 2degrees', 'in_use': True, 'carrier_id': '5300002', 'value': [{'in_use': True, 'hni_id': '53024'}]}]",NZ
47,"[{'name': 'OM: ooredoo', 'in_use': True, 'carrier_id': '4220000', 'value': [{'in_use': True, 'hni_id': '42203'}]}, {'name': 'OM: Omantel', 'in_use': True, 'carrier_id': '4220001', 'value': [{'in_use': True, 'hni_id': '42202'}]}]",OM
48,"[{'name': 'PE: Claro', 'in_use': True, 'carrier_id': '7160000', 'value': [{'in_use': True, 'hni_id': '71610'}]}, {'name': 'PE: Entel', 'in_use': True, 'carrier_id': '7160001', 'value': [{'in_use': True, 'hni_id': '71617'}]}, {'name': 'PE: Movistar', 'in_use': True, 'carrier_id': '7160002', 'value': [{'in_use': True, 'hni_id': '71606'}]}, {'name': 'PE: Bitel', 'in_use': True, 'carrier_id': '7160003', 'value': [{'in_use': True, 'hni_id': '71615'}]}]",PE
49,"[{'name': 'PH: Islacom', 'in_use': False, 'carrier_id': '5150000', 'value': [{'in_use': False, 'hni_id': '51501'}]}, {'name': 'PH: Globe', 'in_use': True, 'carrier_id': '5150001', 'value': [{'in_use': True, 'hni_id': '51502'}]}, {'name': 'PH: SMART', 'in_use': True, 'carrier_id': '5150002', 'value': [{'in_use': True, 'hni_id': '51503'}]}]",PH
50,"[{'name': 'PK: Jazz', 'in_use': True, 'carrier_id': '4100000', 'value': [{'in_use': True, 'hni_id': '41001'}, {'in_use': True, 'hni_id': '41007'}]}, {'name': 'PK: Zong', 'in_use': True, 'carrier_id': '4100001', 'value': [{'in_use': True, 'hni_id': '41004'}]}, {'name': 'PK: Telenor', 'in_use': True, 'carrier_id': '4100002', 'value': [{'in_use': True, 'hni_id': '41006'}]}, {'name': 'PK: Ufone', 'in_use': True, 'carrier_id': '4100003', 'value': [{'in_use': True, 'hni_id': '41003'}]}]",PK
51,"[{'name': 'PL: Play', 'in_use': True, 'carrier_id': '2600000', 'value': [{'in_use': True, 'hni_id': '26006'}]}, {'name': 'PL: Orange', 'in_use': True, 'carrier_id': '2600001', 'value': [{'in_use': True, 'hni_id': '26003'}]}, {'name': 'PL: Plus', 'in_use': True, 'carrier_id': '2600002', 'value': [{'in_use': True, 'hni_id': '26001'}, {'in_use': True, 'hni_id': '26011'}]}, {'name': 'PL: T-Mobile', 'in_use': True, 'carrier_id': '2600003', 'value': [{'in_use': True, 'hni_id': '26002'}, {'in_use': True, 'hni_id': '26010'}]}]",PL
52,"[{'name': 'PT: MEO', 'in_use': True, 'carrier_id': '2680000', 'value': [{'in_use': True, 'hni_id': '26806'}, {'in_use': True, 'hni_id': '26880'}]}, {'name': 'PT: Vodafone', 'in_use': True, 'carrier_id': '2680001', 'value': [{'in_use': True, 'hni_id': '26801'}, {'in_use': True, 'hni_id': '26891'}]}, {'name': 'PT: NOS', 'in_use': True, 'carrier_id': '2680002', 'value': [{'in_use': True, 'hni_id': '26803'}, {'in_use': True, 'hni_id': '26893'}]}]",PT
53,"[{'name': 'QA: ooredoo', 'in_use': True, 'carrier_id': '4270000', 'value': [{'in_use': True, 'hni_id': '42701'}]}, {'name': 'QA: Vodafone', 'in_use': True, 'carrier_id': '4270001', 'value': [{'in_use': True, 'hni_id': '42702'}]}]",QA
54,"[{'name': 'RO: Orange', 'in_use': True, 'carrier_id': '2260000', 'value': [{'in_use': True, 'hni_id': '22610'}]}, {'name': 'RO: Vodafone', 'in_use': True, 'carrier_id': '2260001', 'value': [{'in_use': True, 'hni_id': '22601'}]}, {'name': 'RO: Digi.Mobil', 'in_use': True, 'carrier_id': '2260002', 'value': [{'in_use': True, 'hni_id': '22605'}]}, {'name': 'RO: Telekom', 'in_use': True, 'carrier_id': '2260003', 'value': [{'in_use': True, 'hni_id': '22603'}, {'in_use': True, 'hni_id': '22606'}]}]",RO
55,"[{'name': 'RU: Beeline', 'in_use': True, 'carrier_id': '2500000', 'value': [{'in_use': True, 'hni_id': '25028'}, {'in_use': True, 'hni_id': '25099'}]}, {'name': 'RU: MegaFon', 'in_use': True, 'carrier_id': '2500001', 'value': [{'in_use': True, 'hni_id': '25002'}, {'in_use': True, 'hni_id': '25014'}]}, {'name': 'RU: MTS', 'in_use': True, 'carrier_id': '2500002', 'value': [{'in_use': True, 'hni_id': '25001'}, {'in_use': True, 'hni_id': '25050'}]}, {'name': 'RU: Tele2', 'in_use': True, 'carrier_id': '2500003', 'value': [{'in_use': True, 'hni_id': '25020'}]}]",RU
56,"[{'name': 'SA: Al Jawal (STC )', 'in_use': True, 'carrier_id': '4200000', 'value': [{'in_use': True, 'hni_id': '42001'}]}, {'name': 'SA: Mobily', 'in_use': True, 'carrier_id': '4200001', 'value': [{'in_use': True, 'hni_id': '42003'}]}, {'name': 'SA: Zain SA', 'in_use': True, 'carrier_id': '4200002', 'value': [{'in_use': True, 'hni_id': '42004'}]}]",SA
57,"[{'name': 'SE: Tele2', 'in_use': True, 'carrier_id': '2400000', 'value': [{'in_use': True, 'hni_id': '24007'}]}, {'name': 'SE: Telia', 'in_use': True, 'carrier_id': '2400001', 'value': [{'in_use': True, 'hni_id': '24001'}]}, {'name': 'SE: 3', 'in_use': True, 'carrier_id': '2400002', 'value': [{'in_use': True, 'hni_id': '24002'}]}, {'name': 'SE: Telenor', 'in_use': True, 'carrier_id': '2400003', 'value': [{'in_use': True, 'hni_id': '24008'}, {'in_use': True, 'hni_id': '24006'}]}]",SE
58,"[{'name': 'SG: Singtel', 'in_use': True, 'carrier_id': '5250000', 'value': [{'in_use': True, 'hni_id': '52501'}, {'in_use': True, 'hni_id': '52507'}]}, {'name': 'SG: StarHub', 'in_use': True, 'carrier_id': '5250001', 'value': [{'in_use': True, 'hni_id': '52505'}, {'in_use': True, 'hni_id': '52506'}, {'in_use': True, 'hni_id': '52508'}]}, {'name': 'SG: M1', 'in_use': True, 'carrier_id': '5250002', 'value': [{'in_use': True, 'hni_id': '52503'}, {'in_use': True, 'hni_id': '52511'}]}, {'name': 'SG: TPG', 'in_use': False, 'carrier_id': '5250003', 'value': [{'in_use': False, 'hni_id': '52510'}]}]",SG
59,"[{'name': 'SK: Orange', 'in_use': True, 'carrier_id': '2310000', 'value': [{'in_use': True, 'hni_id': '23105'}]}, {'name': 'SK: Telekom', 'in_use': True, 'carrier_id': '2310001', 'value': [{'in_use': True, 'hni_id': '23104'}]}]",SK
60,"[{'name': 'TH: AIS', 'in_use': True, 'carrier_id': '5200000', 'value': [{'in_use': True, 'hni_id': '52001'}, {'in_use': True, 'hni_id': '52003'}, {'in_use': True, 'hni_id': '52023'}, {'in_use': True, 'hni_id': '52015'}]}, {'name': 'TH: dtac', 'in_use': True, 'carrier_id': '5200001', 'value': [{'in_use': True, 'hni_id': '52018'}, {'in_use': True, 'hni_id': '52005'}, {'in_use': True, 'hni_id': '52047'}]}, {'name': 'TH: TrueMove', 'in_use': True, 'carrier_id': '5200002', 'value': [{'in_use': True, 'hni_id': '52099'}, {'in_use': True, 'hni_id': '52004'}, {'in_use': True, 'hni_id': '52000'}]}]",TH
61,"[{'name': 'TR: Turkcell', 'in_use': True, 'carrier_id': '2860000', 'value': [{'in_use': True, 'hni_id': '28601'}]}, {'name': 'TR: Vodafone', 'in_use': True, 'carrier_id': '2860001', 'value': [{'in_use': True, 'hni_id': '28602'}]}, {'name': 'TR: Türk Telekom', 'in_use': True, 'carrier_id': '2860002', 'value': [{'in_use': True, 'hni_id': '28603'}]}, {'name': 'TR: Aycell', 'in_use': False, 'carrier_id': '2860003', 'value': [{'in_use': False, 'hni_id': '28604'}]}]",TR
62,"[{'name': 'TW: Chunghwa', 'in_use': True, 'carrier_id': '4660000', 'value': [{'in_use': True, 'hni_id': '46692'}]}, {'name': 'TW: FarEasTone', 'in_use': True, 'carrier_id': '4660001', 'value': [{'in_use': True, 'hni_id': '46601'}]}, {'name': 'TW: Taiwan Mobile', 'in_use': True, 'carrier_id': '4660002', 'value': [{'in_use': True, 'hni_id': '46697'}]}, {'name': 'TW: T Star', 'in_use': True, 'carrier_id': '4660003', 'value': [{'in_use': True, 'hni_id': '46689'}, {'in_use': True, 'hni_id': '46690'}]}]",TW
63,"[{'name': 'UA: Kyivstar', 'in_use': True, 'carrier_id': '2550000', 'value': [{'in_use': True, 'hni_id': '25503'}, {'in_use': True, 'hni_id': '25502'}]}, {'name': 'UA: Vodafone', 'in_use': True, 'carrier_id': '2550001', 'value': [{'in_use': True, 'hni_id': '25501'}]}, {'name': 'UA: lifecell', 'in_use': True, 'carrier_id': '2550002', 'value': [{'in_use': True, 'hni_id': '25506'}]}, {'name': 'UA: Phoenix', 'in_use': False, 'carrier_id': '2550003', 'value': [{'in_use': False, 'hni_id': '25599'}]}]",UA
64,"[{'name': 'US: AT&T', 'in_use': True, 'carrier_id': '3100000', 'value': [{'in_use': True, 'hni_id': '31030'}, {'in_use': True, 'hni_id': '31070'}, {'in_use': True, 'hni_id': '31080'}, {'in_use': True, 'hni_id': '31090'}, {'in_use': True, 'hni_id': '310150'}, {'in_use': True, 'hni_id': '310170'}, {'in_use': True, 'hni_id': '310410'}, {'in_use': True, 'hni_id': '310670'}, {'in_use': True, 'hni_id': '310680'}, {'in_use': True, 'hni_id': '310950'}, {'in_use': True, 'hni_id': '311070'}, {'in_use': False, 'hni_id': '31170'}, {'in_use': True, 'hni_id': '311090'}, {'in_use': False, 'hni_id': '31190'}, {'in_use': True, 'hni_id': '311190'}, {'in_use': True, 'hni_id': '31290'}, {'in_use': True, 'hni_id': '312680'}, {'in_use': True, 'hni_id': '313210'}, {'in_use': True, 'hni_id': '312090'}]}, {'name': 'US: Sprint (unavailable)', 'in_use': True, 'carrier_id': '3100001', 'value': []}, {'name': 'US: T-Mobile', 'in_use': True, 'carrier_id': '3100002', 'value': [{'in_use': True, 'hni_id': '310160'}, {'in_use': True, 'hni_id': '310260'}, {'in_use': True, 'hni_id': '310120'}, {'in_use': True, 'hni_id': '310490'}, {'in_use': True, 'hni_id': '310530'}, {'in_use': True, 'hni_id': '310770'}, {'in_use': True, 'hni_id': '311490'}, {'in_use': True, 'hni_id': '311660'}, {'in_use': True, 'hni_id': '311870'}, {'in_use': True, 'hni_id': '311880'}, {'in_use': True, 'hni_id': '311882'}, {'in_use': True, 'hni_id': '312190'}, {'in_use': True, 'hni_id': '312250'}, {'in_use': True, 'hni_id': '312530'}]}, {'name': 'US: Verizon', 'in_use': True, 'carrier_id': '3100003', 'value': [{'in_use': True, 'hni_id': '310004'}, {'in_use': False, 'hni_id': '31004'}, {'in_use': True, 'hni_id': '310005'}, {'in_use': False, 'hni_id': '31005'}, {'in_use': True, 'hni_id': '310006'}, {'in_use': False, 'hni_id': '31006'}, {'in_use': True, 'hni_id': '310012'}, {'in_use': False, 'hni_id': '31012'}, {'in_use': True, 'hni_id': '310013'}, {'in_use': False, 'hni_id': '31013'}, {'in_use': True, 'hni_id': '311012'}, {'in_use': False, 'hni_id': '31112'}, {'in_use': True, 'hni_id': '311110'}, {'in_use': True, 'hni_id': '311270'}, {'in_use': True, 'hni_id': '311271'}, {'in_use': True, 'hni_id': '311272'}, {'in_use': True, 'hni_id': '311273'}, {'in_use': True, 'hni_id': '311274'}, {'in_use': True, 'hni_id': '311275'}, {'in_use': True, 'hni_id': '311276'}, {'in_use': True, 'hni_id': '311277'}, {'in_use': True, 'hni_id': '311278'}, {'in_use': True, 'hni_id': '311279'}, {'in_use': True, 'hni_id': '311280'}, {'in_use': True, 'hni_id': '311281'}, {'in_use': True, 'hni_id': '311282'}, {'in_use': True, 'hni_id': '311283'}, {'in_use': True, 'hni_id': '311284'}, {'in_use': True, 'hni_id': '311285'}, {'in_use': True, 'hni_id': '311286'}, {'in_use': True, 'hni_id': '311287'}, {'in_use': True, 'hni_id': '311288'}, {'in_use': True, 'hni_id': '311289'}, {'in_use': True, 'hni_id': '311390'}, {'in_use': True, 'hni_id': '311480'}, {'in_use': True, 'hni_id': '311590'}, {'in_use': True, 'hni_id': '312770'}]}]",US
65,"[{'name': 'UY: Ancel/Antel', 'in_use': True, 'carrier_id': '7480000', 'value': [{'in_use': True, 'hni_id': '74800'}, {'in_use': True, 'hni_id': '74801'}, {'in_use': True, 'hni_id': '74803'}]}, {'name': 'UY: Claro/AM Wireless', 'in_use': True, 'carrier_id': '7480001', 'value': [{'in_use': True, 'hni_id': '74810'}]}, {'name': 'UY: MOVISTAR', 'in_use': True, 'carrier_id': '7480002', 'value': [{'in_use': True, 'hni_id': '74807'}]}]",UY
66,"[{'name': 'UZ: UzMobile', 'in_use': True, 'carrier_id': '4340000', 'value': [{'in_use': True, 'hni_id': '43403'}]}]",UZ
67,"[{'name': 'VN: MobiFone', 'in_use': True, 'carrier_id': '4520000', 'value': [{'in_use': True, 'hni_id': '45201'}]}, {'name': 'VN: Vietnamobile', 'in_use': False, 'carrier_id': '4520001', 'value': [{'in_use': False, 'hni_id': '45205'}]}, {'name': 'VN: Viettel Mobile', 'in_use': True, 'carrier_id': '4520002', 'value': [{'in_use': True, 'hni_id': '45204'}]}, {'name': 'VN: Vinaphone', 'in_use': True, 'carrier_id': '4520003', 'value': [{'in_use': True, 'hni_id': '45202'}]}]",VN
68,"[{'name': 'ZA: Vodacom', 'in_use': True, 'carrier_id': '6550000', 'value': [{'in_use': True, 'hni_id': '65501'}]}, {'name': 'ZA: MTN', 'in_use': True, 'carrier_id': '6550001', 'value': [{'in_use': True, 'hni_id': '65510'}, {'in_use': True, 'hni_id': '65512'}]}, {'name': 'ZA: Telkom', 'in_use': True, 'carrier_id': '6550002', 'value': [{'in_use': True, 'hni_id': '65502'}]}, {'name': 'ZA: Cell C', 'in_use': True, 'carrier_id': '6550003', 'value': [{'in_use': True, 'hni_id': '65507'}]}]",ZA
